sample_index,Question ID,Question,Forecast_Date,ForecastDate_Probability,Resolution,Closing_Date,Tournament,forecast_date_formatted,resolution_binary,community_prob,experiment_id,experiment_order,experiment_condition,threshold_label,llm_prob,llm_probability_percent,llm_reasoning,raw_model_output,threshold_trace_json,final_interval_lower,final_interval_upper,threshold_calls,parse_status,error,llm_brier_row,community_brier_row
1,22914,"Before May 20, 2024, will it be announced that Minouche Shafik will no longer be President of Columbia University?",5/1/24,5%,No,5/20/24,Bridgewater 2024,"May 01, 2024",0,0.05,exp_01_50,1,50 only,50,0.3,30.0,"As of May 1, 2024, Shafik was under severe and multidirectional pressure after the encampment, arrests, and Hamilton Hall occupation, so an abrupt exit was clearly plausible, not remote. But the key determinant for a public departure announcement before May 20 was whether Columbia’s trustees had turned against her, and the strongest visible signal still pointed the other way: the board had publicly backed her on April 24, she had chosen escalation rather than retreat, and her move to keep NYPD on campus through May 17 suggested the institution expected to finish the semester and commencement under her leadership. University presidents can fall quickly in crisis, especially when legitimacy collapses, so this should be materially above a normal short-window resignation base rate, but the limited time remaining and lack of public evidence of board abandonment keep the odds closer to one-in-three than one-in-two.","Probability: 30
Reasoning: As of May 1, 2024, Shafik was under severe and multidirectional pressure after the encampment, arrests, and Hamilton Hall occupation, so an abrupt exit was clearly plausible, not remote. But the key determinant for a public departure announcement before May 20 was whether Columbia’s trustees had turned against her, and the strongest visible signal still pointed the other way: the board had publicly backed her on April 24, she had chosen escalation rather than retreat, and her move to keep NYPD on campus through May 17 suggested the institution expected to finish the semester and commencement under her leadership. University presidents can fall quickly in crisis, especially when legitimacy collapses, so this should be materially above a normal short-window resignation base rate, but the limited time remaining and lack of public evidence of board abandonment keep the odds closer to one-in-three than one-in-two.","[{""threshold"": 50.0, ""direction"": ""lower"", ""reasoning"": ""As of May 1, 2024, Shafik is under extreme pressure from all sides after the encampment, arrests, and the Hamilton Hall occupation, so a forced exit is plainly live; however, the key base-rate and institutional signals still point below 50% for a public announcement by May 20. Columbia\u2019s trustees had just issued a strong public statement backing her on April 24, she had recently chosen a forceful policing strategy rather than signaling retreat, and her request to keep NYPD on campus through May 17 suggests the university expected her to remain in place through commencement. Presidents can fall quickly in this environment, but without visible evidence that the board itself is abandoning her, the short remaining window makes \u201ccontinued crisis under the same president\u201d more likely than \u201cannounced departure before May 20.\u201d"", ""raw_output"": ""Direction: Lower\nReasoning: As of May 1, 2024, Shafik is under extreme pressure from all sides after the encampment, arrests, and the Hamilton Hall occupation, so a forced exit is plainly live; however, the key base-rate and institutional signals still point below 50% for a public announcement by May 20. Columbia\u2019s trustees had just issued a strong public statement backing her on April 24, she had recently chosen a forceful policing strategy rather than signaling retreat, and her request to keep NYPD on campus through May 17 suggests the university expected her to remain in place through commencement. Presidents can fall quickly in this environment, but without visible evidence that the board itself is abandoning her, the short remaining window makes \u201ccontinued crisis under the same president\u201d more likely than \u201cannounced departure before May 20.\u201d"", ""prompt"": ""You are making a calibrated probabilistic forecast.\n\nPretend today's date is May 01, 2024. Use only information available on or before this date.\n\nQuestion: Before May 20, 2024, will it be announced that Minouche Shafik will no longer be President of Columbia University?\n\nCurrent probability interval from previous checks: 0% to 100%.\n\nPrevious threshold checks:\n- None yet.\n\nDecide whether the probability that the question resolves YES is higher or lower than 50%.\n\nReturn exactly:\nDirection: <Higher or Lower>\nReasoning: <one paragraph>\n\nDo not return a final probability yet. Do not include any other text."", ""lower_bound_before"": 0.0, ""upper_bound_before"": 100.0, ""lower_bound_after"": 0.0, ""upper_bound_after"": 50.0}]",0.0,50.0,1,ok,,0.09,0.0025000000000000005
2,20781,Will X declare bankruptcy in 2024?,1/21/24,10%,No,1/1/25,ACX 2024,"January 21, 2024",0,0.1,exp_01_50,1,50 only,50,0.29,29.0,"As of January 21, 2024, X faces real bankruptcy risk because advertising revenue has fallen sharply, cash flow has been pressured by roughly $13 billion of buyout debt, lenders and outside investors have marked the company down heavily, and advertiser flight after Musk-related controversies could deepen the squeeze; however, a formal 2024 filing still looks distinctly less likely than not because X remains a large operating platform with strategic value, the debt burden appears more like a solvency-and-liquidity drag than an immediate maturity wall, and Musk plus existing insiders still have several off-ramps short of court supervision, including more cost cutting, asset sales, private capital support, debt exchanges, or out-of-court restructuring.","Probability: 29
Reasoning: As of January 21, 2024, X faces real bankruptcy risk because advertising revenue has fallen sharply, cash flow has been pressured by roughly $13 billion of buyout debt, lenders and outside investors have marked the company down heavily, and advertiser flight after Musk-related controversies could deepen the squeeze; however, a formal 2024 filing still looks distinctly less likely than not because X remains a large operating platform with strategic value, the debt burden appears more like a solvency-and-liquidity drag than an immediate maturity wall, and Musk plus existing insiders still have several off-ramps short of court supervision, including more cost cutting, asset sales, private capital support, debt exchanges, or out-of-court restructuring.","[{""threshold"": 50.0, ""direction"": ""lower"", ""reasoning"": ""As of January 21, 2024, X is clearly under financial stress from a steep advertising decline, a large debt burden from the 2022 buyout, and a sharply reduced implied valuation, so bankruptcy is a live risk rather than a tail event; however, a formal bankruptcy filing in 2024 still looks less likely than not because the company continues operating at scale, still has recognizable strategic value, and is controlled by Elon Musk, who has both strong incentives and multiple alternatives to an immediate court-supervised filing, including further cost cuts, asset restructuring, refinancing attempts, or additional support from insiders and investors."", ""raw_output"": ""Direction: Lower\nReasoning: As of January 21, 2024, X is clearly under financial stress from a steep advertising decline, a large debt burden from the 2022 buyout, and a sharply reduced implied valuation, so bankruptcy is a live risk rather than a tail event; however, a formal bankruptcy filing in 2024 still looks less likely than not because the company continues operating at scale, still has recognizable strategic value, and is controlled by Elon Musk, who has both strong incentives and multiple alternatives to an immediate court-supervised filing, including further cost cuts, asset restructuring, refinancing attempts, or additional support from insiders and investors."", ""prompt"": ""You are making a calibrated probabilistic forecast.\n\nPretend today's date is January 21, 2024. Use only information available on or before this date.\n\nQuestion: Will X declare bankruptcy in 2024?\n\nCurrent probability interval from previous checks: 0% to 100%.\n\nPrevious threshold checks:\n- None yet.\n\nDecide whether the probability that the question resolves YES is higher or lower than 50%.\n\nReturn exactly:\nDirection: <Higher or Lower>\nReasoning: <one paragraph>\n\nDo not return a final probability yet. Do not include any other text."", ""lower_bound_before"": 0.0, ""upper_bound_before"": 100.0, ""lower_bound_after"": 0.0, ""upper_bound_after"": 50.0}]",0.0,50.0,1,ok,,0.0841,0.010000000000000002
3,31307,Will Nvidia outperform the S&P 500 in 2025?,2/1/25,70%,Yes,1/1/26,ACX 2025,"February 01, 2025",1,0.7,exp_01_50,1,50 only,50,,,,,[],,,0,failed,Codex timed out after 180 seconds.,,0.09000000000000002
4,20754,Will the WHO declare a global health emergency (PHEIC) in 2024?,1/21/24,26%,Yes,1/1/25,ACX 2024,"January 21, 2024",1,0.26,exp_01_50,1,50 only,50,0.24,24.0,"New PHEIC declarations are uncommon and reserved for outbreaks that are both unusually serious and internationally consequential, and as of January 21, 2024 there is no single outbreak that already looks more likely than not to cross that bar this year: polio is an existing PHEIC rather than a new candidate, and the COVID-19 and 2022 mpox emergencies were ended in 2023. That keeps the baseline below 50, but not near zero, because the world still has several live pathways to a declaration, especially a sharp change in H5N1 transmission, a major shift in mpox or another known outbreak, or a genuine novel-pathogen surprise; by contrast, dengue and cholera are dangerous but historically the WHO has often managed such broad endemic or recurring threats without resorting to a PHEIC. Balancing the rarity of fresh declarations against the real tail risk of a sudden escalation yields roughly a one-in-four chance.","Probability: 24
Reasoning: New PHEIC declarations are uncommon and reserved for outbreaks that are both unusually serious and internationally consequential, and as of January 21, 2024 there is no single outbreak that already looks more likely than not to cross that bar this year: polio is an existing PHEIC rather than a new candidate, and the COVID-19 and 2022 mpox emergencies were ended in 2023. That keeps the baseline below 50, but not near zero, because the world still has several live pathways to a declaration, especially a sharp change in H5N1 transmission, a major shift in mpox or another known outbreak, or a genuine novel-pathogen surprise; by contrast, dengue and cholera are dangerous but historically the WHO has often managed such broad endemic or recurring threats without resorting to a PHEIC. Balancing the rarity of fresh declarations against the real tail risk of a sudden escalation yields roughly a one-in-four chance.","[{""threshold"": 50.0, ""direction"": ""lower"", ""reasoning"": ""As of January 21, 2024, a new WHO PHEIC declaration in calendar year 2024 looks less likely than not because these declarations are historically rare, reserved for unusually severe and internationally consequential outbreaks, and there is no clearly dominant candidate already on track to cross that threshold soon: polio is already under a long-running PHEIC and so would not be a new declaration, COVID-19 and mpox PHEICs were ended in 2023, and while risks like H5N1, dengue, cholera, and Disease X-type surprises are real, most outbreak years still do not produce a fresh PHEIC. The main path to YES is an unforeseen escalation or novel pathogen event, which is substantial enough to keep the probability meaningfully above zero, but not enough to make it more likely than 50%."", ""raw_output"": ""Direction: Lower\nReasoning: As of January 21, 2024, a new WHO PHEIC declaration in calendar year 2024 looks less likely than not because these declarations are historically rare, reserved for unusually severe and internationally consequential outbreaks, and there is no clearly dominant candidate already on track to cross that threshold soon: polio is already under a long-running PHEIC and so would not be a new declaration, COVID-19 and mpox PHEICs were ended in 2023, and while risks like H5N1, dengue, cholera, and Disease X-type surprises are real, most outbreak years still do not produce a fresh PHEIC. The main path to YES is an unforeseen escalation or novel pathogen event, which is substantial enough to keep the probability meaningfully above zero, but not enough to make it more likely than 50%."", ""prompt"": ""You are making a calibrated probabilistic forecast.\n\nPretend today's date is January 21, 2024. Use only information available on or before this date.\n\nQuestion: Will the WHO declare a global health emergency (PHEIC) in 2024?\n\nCurrent probability interval from previous checks: 0% to 100%.\n\nPrevious threshold checks:\n- None yet.\n\nDecide whether the probability that the question resolves YES is higher or lower than 50%.\n\nReturn exactly:\nDirection: <Higher or Lower>\nReasoning: <one paragraph>\n\nDo not return a final probability yet. Do not include any other text."", ""lower_bound_before"": 0.0, ""upper_bound_before"": 100.0, ""lower_bound_after"": 0.0, ""upper_bound_after"": 50.0}]",0.0,50.0,1,ok,,0.5776,0.5476
5,22385,"Will SpaceX's fourth Starship integrated flight test reach an altitude of at least 200 kilometers before May 20, 2024?",4/19/24,65%,No,5/20/24,Bridgewater 2024,"April 19, 2024",0,0.65,exp_01_50,1,50 only,50,0.62,62.0,"By April 19, the main uncertainty is whether IFT-4 flies before May 20 rather than whether it can clear 200 km if it does: SpaceX had already static-fired both Flight 4 stages, public signals pointed to early-to-mid May readiness, and Flight 3 had already shown a Starship ascent profile capable of exceeding 200 km, so a launched mission would have a high conditional chance of hitting the threshold. The drag is all in timing and regulation: the Flight 3 mishap investigation was still open, the FAA still needed to modify the license, and SpaceX schedules often slip by weeks, so I would put the launch-before-deadline chance only modestly above even; multiplying that by the strong but not certain chance of a Flight-3-like ascent if it launches yields a low-60s forecast.","Probability: 62
Reasoning: By April 19, the main uncertainty is whether IFT-4 flies before May 20 rather than whether it can clear 200 km if it does: SpaceX had already static-fired both Flight 4 stages, public signals pointed to early-to-mid May readiness, and Flight 3 had already shown a Starship ascent profile capable of exceeding 200 km, so a launched mission would have a high conditional chance of hitting the threshold. The drag is all in timing and regulation: the Flight 3 mishap investigation was still open, the FAA still needed to modify the license, and SpaceX schedules often slip by weeks, so I would put the launch-before-deadline chance only modestly above even; multiplying that by the strong but not certain chance of a Flight-3-like ascent if it launches yields a low-60s forecast.","[{""threshold"": 50.0, ""direction"": ""higher"", ""reasoning"": ""By April 19, 2024, this was mostly a question of whether IFT-4 would launch before May 20, because if it did, a Flight-3-like ascent profile was very likely to take Starship past 200 km. SpaceX had already completed static-fire testing of both Flight 4 stages by early April, company leadership was talking in terms of early-to-mid May readiness, and the FAA had already moved forward key environmental work for Indian Ocean return operations while also signaling no obvious major public-safety issue from Flight 3. The main reasons for caution were the still-open mishap investigation, the needed license modification, and SpaceX\u2019s habit of slipping schedules, so this is only slightly above even, but the launch-timing chance multiplied by the high conditional chance of clearing 200 km if it flew looks more likely than not."", ""raw_output"": ""Direction: Higher\nReasoning: By April 19, 2024, this was mostly a question of whether IFT-4 would launch before May 20, because if it did, a Flight-3-like ascent profile was very likely to take Starship past 200 km. SpaceX had already completed static-fire testing of both Flight 4 stages by early April, company leadership was talking in terms of early-to-mid May readiness, and the FAA had already moved forward key environmental work for Indian Ocean return operations while also signaling no obvious major public-safety issue from Flight 3. The main reasons for caution were the still-open mishap investigation, the needed license modification, and SpaceX\u2019s habit of slipping schedules, so this is only slightly above even, but the launch-timing chance multiplied by the high conditional chance of clearing 200 km if it flew looks more likely than not."", ""prompt"": ""You are making a calibrated probabilistic forecast.\n\nPretend today's date is April 19, 2024. Use only information available on or before this date.\n\nQuestion: Will SpaceX's fourth Starship integrated flight test reach an altitude of at least 200 kilometers before May 20, 2024?\n\nCurrent probability interval from previous checks: 0% to 100%.\n\nPrevious threshold checks:\n- None yet.\n\nDecide whether the probability that the question resolves YES is higher or lower than 50%.\n\nReturn exactly:\nDirection: <Higher or Lower>\nReasoning: <one paragraph>\n\nDo not return a final probability yet. Do not include any other text."", ""lower_bound_before"": 0.0, ""upper_bound_before"": 100.0, ""lower_bound_after"": 50.0, ""upper_bound_after"": 100.0}]",50.0,100.0,1,ok,,0.3844,0.42250000000000004
6,40181,Will Russia’s annual GDP growth rate exceed 1.5% in Q3 2025?,10/8/25,15%,No,11/14/25,RAND x Metaculus 2026,"October 08, 2025",0,0.15,exp_01_50,1,50 only,50,0.08,8.0,"By October 8, 2025, the evidence pointed strongly against Russia clearing 1.5% y/y GDP growth in Q3: Rosstat had already reported growth slowing from 1.4% in Q1 to 1.1% in Q2; the economy ministry’s monthly estimates showed only 1.1% growth for January-July and 1.0% for January-August, with both July and August at just 0.4% y/y; the Bank of Russia said on September 12 that Q2 was weaker than it expected and output was still near the lower bound of its 2025 forecast, while its September business and payments indicators showed softer current output and demand; and by early October the September PMIs had fallen into contraction territory. Since the ministry’s monthly GDP proxy had tracked official quarterly GDP fairly closely earlier in 2025, getting above 1.5% in Q3 would likely have required an unusually strong September rebound against the prevailing slowdown, which remained possible because of firm domestic demand, fiscal support, and data opacity, but only as a small tail risk.","Probability: 8
Reasoning: By October 8, 2025, the evidence pointed strongly against Russia clearing 1.5% y/y GDP growth in Q3: Rosstat had already reported growth slowing from 1.4% in Q1 to 1.1% in Q2; the economy ministry’s monthly estimates showed only 1.1% growth for January-July and 1.0% for January-August, with both July and August at just 0.4% y/y; the Bank of Russia said on September 12 that Q2 was weaker than it expected and output was still near the lower bound of its 2025 forecast, while its September business and payments indicators showed softer current output and demand; and by early October the September PMIs had fallen into contraction territory. Since the ministry’s monthly GDP proxy had tracked official quarterly GDP fairly closely earlier in 2025, getting above 1.5% in Q3 would likely have required an unusually strong September rebound against the prevailing slowdown, which remained possible because of firm domestic demand, fiscal support, and data opacity, but only as a small tail risk.","[{""threshold"": 50.0, ""direction"": ""lower"", ""reasoning"": ""By October 8, 2025, the balance of evidence pointed below 50% for a Q3 2025 year-over-year GDP reading above 1.5%: Rosstat had already reported Russia\u2019s GDP growth at 1.4% in Q1 and 1.1% in Q2, the government said growth for January-July was only 1.1%, and the Bank of Russia said on September 12 that high-frequency and survey data showed a slowdown in overall economic activity in Q3, with output still near the lower bound of its 2025 forecast; the IMF\u2019s July 2025 forecast of 0.9% full-year growth reinforces that slowdown story. Domestic demand had not collapsed, so a rebound was possible, but clearing 1.5% in Q3 would have required a noticeable reacceleration against the prevailing trend of deceleration, which looked less likely than not."", ""raw_output"": ""Direction: Lower\nReasoning: By October 8, 2025, the balance of evidence pointed below 50% for a Q3 2025 year-over-year GDP reading above 1.5%: Rosstat had already reported Russia\u2019s GDP growth at 1.4% in Q1 and 1.1% in Q2, the government said growth for January-July was only 1.1%, and the Bank of Russia said on September 12 that high-frequency and survey data showed a slowdown in overall economic activity in Q3, with output still near the lower bound of its 2025 forecast; the IMF\u2019s July 2025 forecast of 0.9% full-year growth reinforces that slowdown story. Domestic demand had not collapsed, so a rebound was possible, but clearing 1.5% in Q3 would have required a noticeable reacceleration against the prevailing trend of deceleration, which looked less likely than not."", ""prompt"": ""You are making a calibrated probabilistic forecast.\n\nPretend today's date is October 08, 2025. Use only information available on or before this date.\n\nQuestion: Will Russia\u2019s annual GDP growth rate exceed 1.5% in Q3 2025?\n\nCurrent probability interval from previous checks: 0% to 100%.\n\nPrevious threshold checks:\n- None yet.\n\nDecide whether the probability that the question resolves YES is higher or lower than 50%.\n\nReturn exactly:\nDirection: <Higher or Lower>\nReasoning: <one paragraph>\n\nDo not return a final probability yet. Do not include any other text."", ""lower_bound_before"": 0.0, ""upper_bound_before"": 100.0, ""lower_bound_after"": 0.0, ""upper_bound_after"": 50.0}]",0.0,50.0,1,ok,,0.0064,0.0225
7,40195,"Will South Korea sign arms export deals worth >$5bn with any country between October 1 and December 15, 2025?",10/10/25,35%,No,12/15/25,RAND x Metaculus 2026,"October 10, 2025",0,0.35,exp_01_50,1,50 only,50,,,,,[],,,0,failed,Codex timed out after 180 seconds.,,0.12249999999999998
8,20747,Will Bitcoin go up over 2024?,1/21/24,65%,Yes,1/1/25,ACX 2024,"January 21, 2024",1,0.65,exp_01_50,1,50 only,50,0.67,67.0,"Bitcoin has posted positive calendar-year returns in most of its history, it entered 2024 with strong momentum after a major 2023 rebound, and two major bullish catalysts were already in view by January 21, 2024: newly approved U.S. spot Bitcoin ETFs that could broaden demand and the expected April 2024 halving that has historically supported the bull case; against that, Bitcoin is extremely volatile, some of the ETF and halving optimism may already be priced in, and macro, liquidity, or regulatory shocks could still produce a down year, so the setup looks meaningfully better than even but far from certain.","Probability: 67
Reasoning: Bitcoin has posted positive calendar-year returns in most of its history, it entered 2024 with strong momentum after a major 2023 rebound, and two major bullish catalysts were already in view by January 21, 2024: newly approved U.S. spot Bitcoin ETFs that could broaden demand and the expected April 2024 halving that has historically supported the bull case; against that, Bitcoin is extremely volatile, some of the ETF and halving optimism may already be priced in, and macro, liquidity, or regulatory shocks could still produce a down year, so the setup looks meaningfully better than even but far from certain.","[{""threshold"": 50.0, ""direction"": ""higher"", ""reasoning"": ""As of January 21, 2024, the balance of evidence points to better-than-even odds that Bitcoin ends 2024 above where it began the year: Bitcoin has a historical tendency to post positive calendar-year returns more often than not, it is entering 2024 with strong momentum after a major 2023 recovery, the newly approved U.S. spot Bitcoin ETFs create a plausible demand shock from a much broader investor base, and the next halving is expected in April 2024, which has historically been supportive even if not mechanically predictive; against that, Bitcoin remains extremely volatile, some of the ETF and halving optimism may already be priced in, and macro or regulatory shocks could still derail it, but on net these factors make \u201cup over 2024\u201d more likely than not."", ""raw_output"": ""Direction: Higher\nReasoning: As of January 21, 2024, the balance of evidence points to better-than-even odds that Bitcoin ends 2024 above where it began the year: Bitcoin has a historical tendency to post positive calendar-year returns more often than not, it is entering 2024 with strong momentum after a major 2023 recovery, the newly approved U.S. spot Bitcoin ETFs create a plausible demand shock from a much broader investor base, and the next halving is expected in April 2024, which has historically been supportive even if not mechanically predictive; against that, Bitcoin remains extremely volatile, some of the ETF and halving optimism may already be priced in, and macro or regulatory shocks could still derail it, but on net these factors make \u201cup over 2024\u201d more likely than not."", ""prompt"": ""You are making a calibrated probabilistic forecast.\n\nPretend today's date is January 21, 2024. Use only information available on or before this date.\n\nQuestion: Will Bitcoin go up over 2024?\n\nCurrent probability interval from previous checks: 0% to 100%.\n\nPrevious threshold checks:\n- None yet.\n\nDecide whether the probability that the question resolves YES is higher or lower than 50%.\n\nReturn exactly:\nDirection: <Higher or Lower>\nReasoning: <one paragraph>\n\nDo not return a final probability yet. Do not include any other text."", ""lower_bound_before"": 0.0, ""upper_bound_before"": 100.0, ""lower_bound_after"": 50.0, ""upper_bound_after"": 100.0}]",50.0,100.0,1,ok,,0.10889999999999997,0.12249999999999998
9,31044,Will the US Congress pass a bill implementing Trump's tariff policies in 2025?,2/1/25,11%,No,1/1/26,ACX 2025,"February 01, 2025",0,0.11,exp_01_50,1,50 only,50,0.24,24.0,"As of February 1, 2025, a congressional bill implementing Trump’s tariff policies looks clearly possible but still distinctly less likely than not, mainly because Trump is already moving on tariffs through executive authority, which lets Republicans get the policy without forcing vulnerable members to cast a direct pro-tariff vote; that sharply reduces the practical need for legislation. The main plausible YES path is a reconciliation bill that uses legislated tariff revenue to help offset extension of the 2017 tax cuts, and that path is real because Republicans control the House and Senate and tariff options were reportedly on the Ways and Means menu. But the obstacles are substantial: House margins are razor-thin, Senate Republicans from agriculture and import-sensitive states are already voicing skepticism about broad tariffs, fiscal hawks are blocking agreement even on the larger tax package, Democrats are unlikely to help, and adding tariff language would make an already difficult bill harder. Put together, that leaves a meaningful but still modest chance of passage in 2025.","Probability: 24
Reasoning: As of February 1, 2025, a congressional bill implementing Trump’s tariff policies looks clearly possible but still distinctly less likely than not, mainly because Trump is already moving on tariffs through executive authority, which lets Republicans get the policy without forcing vulnerable members to cast a direct pro-tariff vote; that sharply reduces the practical need for legislation. The main plausible YES path is a reconciliation bill that uses legislated tariff revenue to help offset extension of the 2017 tax cuts, and that path is real because Republicans control the House and Senate and tariff options were reportedly on the Ways and Means menu. But the obstacles are substantial: House margins are razor-thin, Senate Republicans from agriculture and import-sensitive states are already voicing skepticism about broad tariffs, fiscal hawks are blocking agreement even on the larger tax package, Democrats are unlikely to help, and adding tariff language would make an already difficult bill harder. Put together, that leaves a meaningful but still modest chance of passage in 2025.","[{""threshold"": 50.0, ""direction"": ""lower"", ""reasoning"": ""As of February 1, 2025, this looks less likely than not because Trump has already begun implementing major tariffs through executive action rather than waiting for Congress, which reduces the practical need for a bill, while the political path for legislation is difficult: Republicans have unified control but only very narrow margins in the House and a 53-47 Senate majority, and contemporaneous reporting says even many Republicans are skeptical of using tariff legislation as part of the 2025 tax package; that leaves a plausible reconciliation route if tariff revenue becomes central to offsetting tax cuts, but the combination of intraparty resistance, likely Democratic opposition, and Trump\u2019s ability to act unilaterally makes a congressional tariff bill in 2025 more likely below than above 50% (https://www.investing.com/news/world-news/trump-readies-order-for-steep-tariffs-on-goods-from-mexico-canada-china-3843793; https://www.investing.com/news/economy-news/trump-push-to-use-tariffs-to-pay-for-tax-cuts-faces-opposition-in-congress-3825348; https://www.ksl.com/article/news/politics/trumps-republicans-reelect-mike-johnson-us-house-speaker-despite-dissent/51221544)."", ""raw_output"": ""Direction: Lower\nReasoning: As of February 1, 2025, this looks less likely than not because Trump has already begun implementing major tariffs through executive action rather than waiting for Congress, which reduces the practical need for a bill, while the political path for legislation is difficult: Republicans have unified control but only very narrow margins in the House and a 53-47 Senate majority, and contemporaneous reporting says even many Republicans are skeptical of using tariff legislation as part of the 2025 tax package; that leaves a plausible reconciliation route if tariff revenue becomes central to offsetting tax cuts, but the combination of intraparty resistance, likely Democratic opposition, and Trump\u2019s ability to act unilaterally makes a congressional tariff bill in 2025 more likely below than above 50% (https://www.investing.com/news/world-news/trump-readies-order-for-steep-tariffs-on-goods-from-mexico-canada-china-3843793; https://www.investing.com/news/economy-news/trump-push-to-use-tariffs-to-pay-for-tax-cuts-faces-opposition-in-congress-3825348; https://www.ksl.com/article/news/politics/trumps-republicans-reelect-mike-johnson-us-house-speaker-despite-dissent/51221544)."", ""prompt"": ""You are making a calibrated probabilistic forecast.\n\nPretend today's date is February 01, 2025. Use only information available on or before this date.\n\nQuestion: Will the US Congress pass a bill implementing Trump's tariff policies in 2025?\n\nCurrent probability interval from previous checks: 0% to 100%.\n\nPrevious threshold checks:\n- None yet.\n\nDecide whether the probability that the question resolves YES is higher or lower than 50%.\n\nReturn exactly:\nDirection: <Higher or Lower>\nReasoning: <one paragraph>\n\nDo not return a final probability yet. Do not include any other text."", ""lower_bound_before"": 0.0, ""upper_bound_before"": 100.0, ""lower_bound_after"": 0.0, ""upper_bound_after"": 50.0}]",0.0,50.0,1,ok,,0.0576,0.0121
10,22308,"Will Israel and Hamas reach a ceasefire deal before May 16, 2024?",4/20/24,3%,No,5/16/24,Bridgewater 2024,"April 20, 2024",0,0.03,exp_01_50,1,50 only,50,0.28,28.0,"As of April 20, 2024, a ceasefire deal before May 16 looks possible but clearly less likely than not: the latest Cairo talks had deadlocked, Hamas had just rejected the most recent Israeli proposal while reiterating demands for a permanent ceasefire, major Israeli withdrawal, and broad prisoner releases, and Netanyahu was still publicly signaling continued military operations, including around Rafah. The technical issue that Hamas may not be able to produce the 40 living hostages originally sought in the first phase adds another obstacle. Still, intense mediation by Egypt, Qatar, and the U.S., strong international pressure after the worsening humanitarian crisis, and both sides’ incentives around hostages and relief keep the probability meaningfully above zero; overall, the short timeline and large unresolved bargaining gap put the odds at about a little better than one in four.","Probability: 28
Reasoning: As of April 20, 2024, a ceasefire deal before May 16 looks possible but clearly less likely than not: the latest Cairo talks had deadlocked, Hamas had just rejected the most recent Israeli proposal while reiterating demands for a permanent ceasefire, major Israeli withdrawal, and broad prisoner releases, and Netanyahu was still publicly signaling continued military operations, including around Rafah. The technical issue that Hamas may not be able to produce the 40 living hostages originally sought in the first phase adds another obstacle. Still, intense mediation by Egypt, Qatar, and the U.S., strong international pressure after the worsening humanitarian crisis, and both sides’ incentives around hostages and relief keep the probability meaningfully above zero; overall, the short timeline and large unresolved bargaining gap put the odds at about a little better than one in four.","[{""threshold"": 50.0, ""direction"": ""lower"", ""reasoning"": ""As of April 20, 2024, a ceasefire deal before May 16 looks less likely than not because, although active mediation by Egypt, Qatar, and the U.S. creates real pressure for an agreement and both sides have incentives to secure hostage releases and humanitarian relief, the core bargaining gap remains large: Hamas is seeking a durable end to the war and major Israeli withdrawal terms, while Netanyahu\u2019s government is publicly resisting a permanent ceasefire and still signaling intent to continue military operations, including around Rafah. Given the repeated failure of recent negotiation rounds, the political constraints on both leaderships, and the short remaining window of under four weeks, the chance of a deal in time appears below 50%."", ""raw_output"": ""Direction: Lower\nReasoning: As of April 20, 2024, a ceasefire deal before May 16 looks less likely than not because, although active mediation by Egypt, Qatar, and the U.S. creates real pressure for an agreement and both sides have incentives to secure hostage releases and humanitarian relief, the core bargaining gap remains large: Hamas is seeking a durable end to the war and major Israeli withdrawal terms, while Netanyahu\u2019s government is publicly resisting a permanent ceasefire and still signaling intent to continue military operations, including around Rafah. Given the repeated failure of recent negotiation rounds, the political constraints on both leaderships, and the short remaining window of under four weeks, the chance of a deal in time appears below 50%."", ""prompt"": ""You are making a calibrated probabilistic forecast.\n\nPretend today's date is April 20, 2024. Use only information available on or before this date.\n\nQuestion: Will Israel and Hamas reach a ceasefire deal before May 16, 2024?\n\nCurrent probability interval from previous checks: 0% to 100%.\n\nPrevious threshold checks:\n- None yet.\n\nDecide whether the probability that the question resolves YES is higher or lower than 50%.\n\nReturn exactly:\nDirection: <Higher or Lower>\nReasoning: <one paragraph>\n\nDo not return a final probability yet. Do not include any other text."", ""lower_bound_before"": 0.0, ""upper_bound_before"": 100.0, ""lower_bound_after"": 0.0, ""upper_bound_after"": 50.0}]",0.0,50.0,1,ok,,0.07840000000000001,0.0009
11,41356,"Will any US electric utility announce a $5 billion capex increase, citing data center demand, between January 13 and March 12, 2026?",1/13/26,65%,Yes,3/12/26,Bridgewater 2026,"January 13, 2026",1,0.65,exp_01_50,1,50 only,50,,,,,[],,,0,failed,Codex timed out after 180 seconds.,,0.12249999999999998
12,31298,"Will there be at least 1,000 deaths due to direct conflict between Israel and Iran in 2025?",2/1/25,15%,Yes,1/1/26,ACX 2025,"February 01, 2025",1,0.15,exp_01_50,1,50 only,50,0.18,18.0,"The base rate is still dominated by restraint: the direct Israel-Iran exchanges in April and October 2024 were unprecedented but deliberately bounded and produced very few deaths, which suggests both governments still prefer signaling, deterrence, and proxy or covert pressure over a sustained state-to-state war. Reaching 1,000 direct-conflict deaths in 2025 would likely require either an Israeli campaign against Iranian nuclear and military sites that triggers repeated retaliation, or a failed interception or mass-casualty strike that breaks the current pattern and creates an escalation spiral. That tail risk is real because Iran’s nuclear progress, Israel’s incentive to act before the problem worsens, and reduced regional buffers all raise the chance of miscalculation, but the combination of distance, air defenses, U.S. pressure, and both sides’ demonstrated preference for limited exchanges keeps that outcome well below even odds.","Probability: 18
Reasoning: The base rate is still dominated by restraint: the direct Israel-Iran exchanges in April and October 2024 were unprecedented but deliberately bounded and produced very few deaths, which suggests both governments still prefer signaling, deterrence, and proxy or covert pressure over a sustained state-to-state war. Reaching 1,000 direct-conflict deaths in 2025 would likely require either an Israeli campaign against Iranian nuclear and military sites that triggers repeated retaliation, or a failed interception or mass-casualty strike that breaks the current pattern and creates an escalation spiral. That tail risk is real because Iran’s nuclear progress, Israel’s incentive to act before the problem worsens, and reduced regional buffers all raise the chance of miscalculation, but the combination of distance, air defenses, U.S. pressure, and both sides’ demonstrated preference for limited exchanges keeps that outcome well below even odds.","[{""threshold"": 50.0, ""direction"": ""lower"", ""reasoning"": ""As of February 1, 2025, the strongest signal is that both Israel and Iran have repeatedly chosen calibrated, limited direct exchanges rather than sustained war: Iran\u2019s April 2024 mass drone-and-missile attack caused only light damage and one critical injury ([Reuters, Apr. 14, 2024](https://www.gmanetwork.com/news/topstories/world/903588/iran-attacks-israel-with-drones-missiles/story/)); Israel\u2019s April 2024 reply was small enough that Tehran signaled no retaliation ([Reuters, Apr. 19, 2024](https://www.gmanetwork.com/news/topstories/world/904171/tehran-plays-down-reported-israeli-attacks-signals-no-further-retaliation/story/)); Iran\u2019s much larger October 2024 barrage still killed only one person in the West Bank ([Reuters, Oct. 2, 2024](https://www.gmanetwork.com/news/topstories/world/922307/iran-says-attack-on-israel-is-over-as-fears-grow-of-wider-conflict/story/)); and Israel\u2019s October 2024 reprisal was again deliberately bounded to military targets, excluding nuclear and energy sites ([Reuters, Oct. 26, 2024](https://www.gmanetwork.com/news/topstories/world/924980/explosions-heard-in-iran-syria-as-middle-east-braces-for-israeli-retaliation/story/)). The risk is still real because Iran is a nuclear-threshold state and some officials see a window to strike its program ([USIP/Arms Control Association, Jan. 13, 2025](https://iranprimer.usip.org/blog/2025/jan/13/coming-iranian-nuclear-challenge-2025)), but late-January conditions also point toward partial de-escalation, with Gaza and Lebanon ceasefires and analysts noting Iran has lost strategic leverage and may have incentives to cool things down ([Reuters, Nov. 27, 2024](https://www.gmanetwork.com/news/topstories/world/928274/israel-s-netanyahu-says-ready-to-enforce-lebanon-ceasefire/story/); [RUSI, Jan. 16, 2025](https://www.rusi.org/news-and-comment/in-the-news/gaza-deal-offers-iran-chance-de-escalate-analyst-says-whether-it-will-remains-far-certain)). Getting to 1,000 direct-conflict deaths in 2025 would require a clear shift from this observed pattern into a sustained air-and-missile war or major nuclear-site campaign, and that looks less likely than continued coercion below that threshold."", ""raw_output"": ""Direction: Lower\nReasoning: As of February 1, 2025, the strongest signal is that both Israel and Iran have repeatedly chosen calibrated, limited direct exchanges rather than sustained war: Iran\u2019s April 2024 mass drone-and-missile attack caused only light damage and one critical injury ([Reuters, Apr. 14, 2024](https://www.gmanetwork.com/news/topstories/world/903588/iran-attacks-israel-with-drones-missiles/story/)); Israel\u2019s April 2024 reply was small enough that Tehran signaled no retaliation ([Reuters, Apr. 19, 2024](https://www.gmanetwork.com/news/topstories/world/904171/tehran-plays-down-reported-israeli-attacks-signals-no-further-retaliation/story/)); Iran\u2019s much larger October 2024 barrage still killed only one person in the West Bank ([Reuters, Oct. 2, 2024](https://www.gmanetwork.com/news/topstories/world/922307/iran-says-attack-on-israel-is-over-as-fears-grow-of-wider-conflict/story/)); and Israel\u2019s October 2024 reprisal was again deliberately bounded to military targets, excluding nuclear and energy sites ([Reuters, Oct. 26, 2024](https://www.gmanetwork.com/news/topstories/world/924980/explosions-heard-in-iran-syria-as-middle-east-braces-for-israeli-retaliation/story/)). The risk is still real because Iran is a nuclear-threshold state and some officials see a window to strike its program ([USIP/Arms Control Association, Jan. 13, 2025](https://iranprimer.usip.org/blog/2025/jan/13/coming-iranian-nuclear-challenge-2025)), but late-January conditions also point toward partial de-escalation, with Gaza and Lebanon ceasefires and analysts noting Iran has lost strategic leverage and may have incentives to cool things down ([Reuters, Nov. 27, 2024](https://www.gmanetwork.com/news/topstories/world/928274/israel-s-netanyahu-says-ready-to-enforce-lebanon-ceasefire/story/); [RUSI, Jan. 16, 2025](https://www.rusi.org/news-and-comment/in-the-news/gaza-deal-offers-iran-chance-de-escalate-analyst-says-whether-it-will-remains-far-certain)). Getting to 1,000 direct-conflict deaths in 2025 would require a clear shift from this observed pattern into a sustained air-and-missile war or major nuclear-site campaign, and that looks less likely than continued coercion below that threshold."", ""prompt"": ""You are making a calibrated probabilistic forecast.\n\nPretend today's date is February 01, 2025. Use only information available on or before this date.\n\nQuestion: Will there be at least 1,000 deaths due to direct conflict between Israel and Iran in 2025?\n\nCurrent probability interval from previous checks: 0% to 100%.\n\nPrevious threshold checks:\n- None yet.\n\nDecide whether the probability that the question resolves YES is higher or lower than 50%.\n\nReturn exactly:\nDirection: <Higher or Lower>\nReasoning: <one paragraph>\n\nDo not return a final probability yet. Do not include any other text."", ""lower_bound_before"": 0.0, ""upper_bound_before"": 100.0, ""lower_bound_after"": 0.0, ""upper_bound_after"": 50.0}]",0.0,50.0,1,ok,,0.6724000000000001,0.7224999999999999
13,20783,Will Ali Khamenei cease to be supreme leader of Iran in 2024?,1/21/24,15%,No,1/1/25,ACX 2024,"January 21, 2024",0,0.15,exp_01_50,1,50 only,50,0.12,12.0,"Khamenei’s age made a 2024 exit materially more likely than for most incumbents, but the overwhelming driver was still death or a clearly incapacitating health event, not politics. As of January 21, 2024, he had ruled since 1989, continued to appear publicly, and sat atop a system designed for regime continuity, elite coordination, and suppression of unrest, which made resignation very unlikely and forced removal from within the regime a low-probability path absent a major shock. Domestic discontent, succession chatter, and regional escalation added some tail risk, but not enough to outweigh the basic fact that authoritarian leaders in entrenched systems usually remain until death or unmistakable incapacity. That leaves a meaningful but still fairly modest chance over the remaining year, around one in eight.","Probability: 12
Reasoning: Khamenei’s age made a 2024 exit materially more likely than for most incumbents, but the overwhelming driver was still death or a clearly incapacitating health event, not politics. As of January 21, 2024, he had ruled since 1989, continued to appear publicly, and sat atop a system designed for regime continuity, elite coordination, and suppression of unrest, which made resignation very unlikely and forced removal from within the regime a low-probability path absent a major shock. Domestic discontent, succession chatter, and regional escalation added some tail risk, but not enough to outweigh the basic fact that authoritarian leaders in entrenched systems usually remain until death or unmistakable incapacity. That leaves a meaningful but still fairly modest chance over the remaining year, around one in eight.","[{""threshold"": 50.0, ""direction"": ""lower"", ""reasoning"": ""As of January 21, 2024, a resolution of YES would require Ali Khamenei to die, resign, or be removed during the remainder of 2024, and while that risk is materially elevated by his advanced age, persistent health rumors, domestic unrest, and Iran\u2019s involvement in regional crises, it still appears well below an even chance. He had remained in power since 1989, Iran\u2019s system is heavily structured around regime continuity and elite control rather than abrupt leadership turnover, resignation is highly unlikely, and forced removal from within the system also looked improbable absent a severe shock. That leaves death or incapacitation as the main path, which is significant but not enough by itself to push the one-year chance above 50%."", ""raw_output"": ""Direction: Lower\nReasoning: As of January 21, 2024, a resolution of YES would require Ali Khamenei to die, resign, or be removed during the remainder of 2024, and while that risk is materially elevated by his advanced age, persistent health rumors, domestic unrest, and Iran\u2019s involvement in regional crises, it still appears well below an even chance. He had remained in power since 1989, Iran\u2019s system is heavily structured around regime continuity and elite control rather than abrupt leadership turnover, resignation is highly unlikely, and forced removal from within the system also looked improbable absent a severe shock. That leaves death or incapacitation as the main path, which is significant but not enough by itself to push the one-year chance above 50%."", ""prompt"": ""You are making a calibrated probabilistic forecast.\n\nPretend today's date is January 21, 2024. Use only information available on or before this date.\n\nQuestion: Will Ali Khamenei cease to be supreme leader of Iran in 2024?\n\nCurrent probability interval from previous checks: 0% to 100%.\n\nPrevious threshold checks:\n- None yet.\n\nDecide whether the probability that the question resolves YES is higher or lower than 50%.\n\nReturn exactly:\nDirection: <Higher or Lower>\nReasoning: <one paragraph>\n\nDo not return a final probability yet. Do not include any other text."", ""lower_bound_before"": 0.0, ""upper_bound_before"": 100.0, ""lower_bound_after"": 0.0, ""upper_bound_after"": 50.0}]",0.0,50.0,1,ok,,0.0144,0.0225
14,20753,Will Benjamin Netanyahu remain Prime Minister of Israel throughout 2024?,1/21/24,50%,Yes,1/1/25,ACX 2024,"January 21, 2024",1,0.5,exp_01_50,1,50 only,50,0.68,68.0,"Netanyahu looks more likely than not to remain prime minister for all of 2024 because the mechanisms that could remove him are real but still comparatively hard to trigger as of January 21, 2024: Israel is in an active war, which usually dampens near-term leadership change; no regular election is due in 2024; his core right-wing and ultra-Orthodox partners have strong incentives to avoid an election they could lose; and Likud has a long record of sticking with him through crises. Against that, he is politically damaged by the October 7 failure, public trust is weak, protests and accountability demands are likely to return with force, and a coalition rupture, postwar commission shock, or internal party move could end his tenure before year-end. Balancing those factors, I would put the chance that he stays in office continuously through December 31, 2024 at about two-thirds rather than near-certainty.","Probability: 68
Reasoning: Netanyahu looks more likely than not to remain prime minister for all of 2024 because the mechanisms that could remove him are real but still comparatively hard to trigger as of January 21, 2024: Israel is in an active war, which usually dampens near-term leadership change; no regular election is due in 2024; his core right-wing and ultra-Orthodox partners have strong incentives to avoid an election they could lose; and Likud has a long record of sticking with him through crises. Against that, he is politically damaged by the October 7 failure, public trust is weak, protests and accountability demands are likely to return with force, and a coalition rupture, postwar commission shock, or internal party move could end his tenure before year-end. Balancing those factors, I would put the chance that he stays in office continuously through December 31, 2024 at about two-thirds rather than near-certainty.","[{""threshold"": 50.0, ""direction"": ""higher"", ""reasoning"": ""As of January 21, 2024, Netanyahu was politically weakened and broadly blamed for the October 7 failure, so the chance of him eventually falling was substantial; however, for this question to resolve NO he would have to stop being prime minister at some point during 2024, and the immediate pathways to that still looked harder than 50-50. Israel was in an active war, which tends to suppress near-term leadership turnovers; no regular election was scheduled for 2024; his right-wing and ultra-Orthodox coalition partners had strong incentives not to force elections they were likely to lose; and Netanyahu\u2019s long record of surviving crises made resignation or an internal replacement less likely than public anger alone implied. The main downside risks were a coalition break, a postwar accountability shock, or a voluntary step-down, but on balance he still looked more likely than not to remain in office through the end of 2024."", ""raw_output"": ""Direction: Higher\nReasoning: As of January 21, 2024, Netanyahu was politically weakened and broadly blamed for the October 7 failure, so the chance of him eventually falling was substantial; however, for this question to resolve NO he would have to stop being prime minister at some point during 2024, and the immediate pathways to that still looked harder than 50-50. Israel was in an active war, which tends to suppress near-term leadership turnovers; no regular election was scheduled for 2024; his right-wing and ultra-Orthodox coalition partners had strong incentives not to force elections they were likely to lose; and Netanyahu\u2019s long record of surviving crises made resignation or an internal replacement less likely than public anger alone implied. The main downside risks were a coalition break, a postwar accountability shock, or a voluntary step-down, but on balance he still looked more likely than not to remain in office through the end of 2024."", ""prompt"": ""You are making a calibrated probabilistic forecast.\n\nPretend today's date is January 21, 2024. Use only information available on or before this date.\n\nQuestion: Will Benjamin Netanyahu remain Prime Minister of Israel throughout 2024?\n\nCurrent probability interval from previous checks: 0% to 100%.\n\nPrevious threshold checks:\n- None yet.\n\nDecide whether the probability that the question resolves YES is higher or lower than 50%.\n\nReturn exactly:\nDirection: <Higher or Lower>\nReasoning: <one paragraph>\n\nDo not return a final probability yet. Do not include any other text."", ""lower_bound_before"": 0.0, ""upper_bound_before"": 100.0, ""lower_bound_after"": 50.0, ""upper_bound_after"": 100.0}]",50.0,100.0,1,ok,,0.10239999999999996,0.25
15,20790,Will there be a serious radiation incident at any nuclear plant in Ukraine before 2025?,1/21/24,8%,No,1/1/25,ACX 2024,"January 21, 2024",0,0.08,exp_01_50,1,50 only,50,0.18,18.0,"As of January 21, 2024, the risk is meaningfully elevated above normal almost entirely because of Zaporizhzhia: it is in a war zone, has already suffered repeated complete losses of off-site power, is running with sharply reduced electrical redundancy, faces ongoing military activity nearby, and has signs of maintenance, staffing, and access problems that could degrade safety margins over time; other Ukrainian plants also face air raid and grid-stability risks. But a serious radiation incident still requires a further escalation from these already-frequent stresses into major fuel damage or a substantial release, and that remains less likely than not because most Zaporizhzhia reactors are shut down, shutdown reactors and spent fuel have slower accident dynamics than operating units, diesel and backup systems have repeatedly prevented disaster so far, the IAEA is on site, and all sides have strong incentives to avoid a continental-scale nuclear event. Balancing the unusually high wartime hazard against the still-high bar for a serious radiological accident over an 11-month horizon, 18 is my estimate.","Probability: 18
Reasoning: As of January 21, 2024, the risk is meaningfully elevated above normal almost entirely because of Zaporizhzhia: it is in a war zone, has already suffered repeated complete losses of off-site power, is running with sharply reduced electrical redundancy, faces ongoing military activity nearby, and has signs of maintenance, staffing, and access problems that could degrade safety margins over time; other Ukrainian plants also face air raid and grid-stability risks. But a serious radiation incident still requires a further escalation from these already-frequent stresses into major fuel damage or a substantial release, and that remains less likely than not because most Zaporizhzhia reactors are shut down, shutdown reactors and spent fuel have slower accident dynamics than operating units, diesel and backup systems have repeatedly prevented disaster so far, the IAEA is on site, and all sides have strong incentives to avoid a continental-scale nuclear event. Balancing the unusually high wartime hazard against the still-high bar for a serious radiological accident over an 11-month horizon, 18 is my estimate.","[{""threshold"": 50.0, ""direction"": ""lower"", ""reasoning"": ""Interpreting \u201cserious radiation incident\u201d as a substantial radiological release or major fuel-damage event, the risk as of January 21, 2024 is clearly nontrivial because the Zaporizhzhia plant is in a war zone, has faced shelling, power-supply disruptions, staffing and maintenance strain, and broader uncertainty from the conflict; however, a probability above 50% would imply such an incident is more likely than not within less than a year, which seems too high given that serious nuclear accidents are historically rare, several reactors are in shutdown states that reduce accident pathways, the IAEA has personnel on site, and all major actors have strong incentives to avoid a catastrophe with cross-border consequences, so the base rate plus the remaining time horizon argue for below-even odds despite elevated danger."", ""raw_output"": ""Direction: Lower\nReasoning: Interpreting \u201cserious radiation incident\u201d as a substantial radiological release or major fuel-damage event, the risk as of January 21, 2024 is clearly nontrivial because the Zaporizhzhia plant is in a war zone, has faced shelling, power-supply disruptions, staffing and maintenance strain, and broader uncertainty from the conflict; however, a probability above 50% would imply such an incident is more likely than not within less than a year, which seems too high given that serious nuclear accidents are historically rare, several reactors are in shutdown states that reduce accident pathways, the IAEA has personnel on site, and all major actors have strong incentives to avoid a catastrophe with cross-border consequences, so the base rate plus the remaining time horizon argue for below-even odds despite elevated danger."", ""prompt"": ""You are making a calibrated probabilistic forecast.\n\nPretend today's date is January 21, 2024. Use only information available on or before this date.\n\nQuestion: Will there be a serious radiation incident at any nuclear plant in Ukraine before 2025?\n\nCurrent probability interval from previous checks: 0% to 100%.\n\nPrevious threshold checks:\n- None yet.\n\nDecide whether the probability that the question resolves YES is higher or lower than 50%.\n\nReturn exactly:\nDirection: <Higher or Lower>\nReasoning: <one paragraph>\n\nDo not return a final probability yet. Do not include any other text."", ""lower_bound_before"": 0.0, ""upper_bound_before"": 100.0, ""lower_bound_after"": 0.0, ""upper_bound_after"": 50.0}]",0.0,50.0,1,ok,,0.0324,0.0064
16,40726,Will Nvidia's stock price reach a new record close in February 2026?,1/31/26,38%,No,3/1/26,Bridgewater 2026,"January 31, 2026",0,0.38,exp_01_50,1,50 only,50,0.33,33.0,"Nvidia has a real path to a February record close because management guided on November 19, 2025 to about $65 billion of fiscal Q4 revenue, described Blackwell demand as extremely strong, and set the Q4 call for February 25, 2026, but the hurdle remains meaningful: NVDA closed at $191.13 on January 30, roughly 8% below its prior record close near $207, late-January trading showed investors growing more skeptical about whether huge AI capex would pay off quickly enough, and with earnings arriving in the final week of the month the stock likely needs both a pre-earnings run-up and a clearly bullish post-earnings reaction rather than merely solid results, so the best estimate is about a one-in-three chance (https://investor.nvidia.com/news/press-release-details/2025/NVIDIA-Announces-Financial-Results-for-Third-Quarter-Fiscal-2026/default.aspx?_kx=MYprLEFy8H1YdDyCX72-lk724JhZYQDglcYJ93ErNv4.RaD4Px; https://investor.nvidia.com/news/press-release-details/2026/NVIDIA-Sets-Conference-Call-for-Fourth-Quarter-Financial-Results/default.aspx; https://au.finance.yahoo.com/quote/NVDA/sustainability; https://www.investing.com/news/stock-market-news/us-stock-index-futures-edge-up-as-markets-digest-big-tech-earnings-4472320)","Probability: 33
Reasoning: Nvidia has a real path to a February record close because management guided on November 19, 2025 to about $65 billion of fiscal Q4 revenue, described Blackwell demand as extremely strong, and set the Q4 call for February 25, 2026, but the hurdle remains meaningful: NVDA closed at $191.13 on January 30, roughly 8% below its prior record close near $207, late-January trading showed investors growing more skeptical about whether huge AI capex would pay off quickly enough, and with earnings arriving in the final week of the month the stock likely needs both a pre-earnings run-up and a clearly bullish post-earnings reaction rather than merely solid results, so the best estimate is about a one-in-three chance (https://investor.nvidia.com/news/press-release-details/2025/NVIDIA-Announces-Financial-Results-for-Third-Quarter-Fiscal-2026/default.aspx?_kx=MYprLEFy8H1YdDyCX72-lk724JhZYQDglcYJ93ErNv4.RaD4Px; https://investor.nvidia.com/news/press-release-details/2026/NVIDIA-Sets-Conference-Call-for-Fourth-Quarter-Financial-Results/default.aspx; https://au.finance.yahoo.com/quote/NVDA/sustainability; https://www.investing.com/news/stock-market-news/us-stock-index-futures-edge-up-as-markets-digest-big-tech-earnings-4472320)","[{""threshold"": 50.0, ""direction"": ""lower"", ""reasoning"": ""As of January 31, 2026, Nvidia has a real upside catalyst in its February 25 earnings report, with management having guided on November 19, 2025 to about $65 billion in fourth-quarter revenue and described Blackwell demand as extremely strong, so a breakout is plausible. But the hurdle for a YES is still fairly high: NVDA closed at $191.13 on January 30, 2026, versus its record close of about $207.04 on October 29, 2025, so it would need to gain a bit more than 8% and actually finish above that prior peak within only 19 February trading sessions. Late January also brought a visible market wobble around whether huge AI capex by megacaps would pay off quickly enough, which matters because Nvidia\u2019s valuation already reflects a lot of optimism. With strong fundamentals but a meaningful price gap to the record and a market that was starting to demand proof rather than just narrative, the probability looks below 50%."", ""raw_output"": ""Direction: Lower\nReasoning: As of January 31, 2026, Nvidia has a real upside catalyst in its February 25 earnings report, with management having guided on November 19, 2025 to about $65 billion in fourth-quarter revenue and described Blackwell demand as extremely strong, so a breakout is plausible. But the hurdle for a YES is still fairly high: NVDA closed at $191.13 on January 30, 2026, versus its record close of about $207.04 on October 29, 2025, so it would need to gain a bit more than 8% and actually finish above that prior peak within only 19 February trading sessions. Late January also brought a visible market wobble around whether huge AI capex by megacaps would pay off quickly enough, which matters because Nvidia\u2019s valuation already reflects a lot of optimism. With strong fundamentals but a meaningful price gap to the record and a market that was starting to demand proof rather than just narrative, the probability looks below 50%."", ""prompt"": ""You are making a calibrated probabilistic forecast.\n\nPretend today's date is January 31, 2026. Use only information available on or before this date.\n\nQuestion: Will Nvidia's stock price reach a new record close in February 2026?\n\nCurrent probability interval from previous checks: 0% to 100%.\n\nPrevious threshold checks:\n- None yet.\n\nDecide whether the probability that the question resolves YES is higher or lower than 50%.\n\nReturn exactly:\nDirection: <Higher or Lower>\nReasoning: <one paragraph>\n\nDo not return a final probability yet. Do not include any other text."", ""lower_bound_before"": 0.0, ""upper_bound_before"": 100.0, ""lower_bound_after"": 0.0, ""upper_bound_after"": 50.0}]",0.0,50.0,1,ok,,0.10890000000000001,0.1444
17,31258,Will Google's search market share drop below 85% in 2025?,2/1/25,19%,No,1/1/26,ACX 2025,"February 01, 2025",0,0.19,exp_01_50,1,50 only,50,0.26,26.0,"As of February 1, 2025, Google looked weaker than usual but still not especially close to the line: its global search share had only recently spent three months just under 90, while mobile remained around 94%, so a YES would likely require another roughly 4 to 5 point overall decline within eleven months. That is plausible because desktop was much softer, some of the late-2024 slippage appeared concentrated in Asia, and the question resolves YES on any sub-85 month rather than a full-year average. But the stronger counterweights were still more compelling: default placement on Android and Apple devices was sticky, regulatory remedies were unlikely to hit fast enough in 2025, and AI challengers like ChatGPT Search and Perplexity were growing from small bases, with some of that usage not even showing up cleanly in conventional search-share datasets. Overall, sub-85 in 2025 looked like a real but clearly sub-50 outcome.","Probability: 26
Reasoning: As of February 1, 2025, Google looked weaker than usual but still not especially close to the line: its global search share had only recently spent three months just under 90, while mobile remained around 94%, so a YES would likely require another roughly 4 to 5 point overall decline within eleven months. That is plausible because desktop was much softer, some of the late-2024 slippage appeared concentrated in Asia, and the question resolves YES on any sub-85 month rather than a full-year average. But the stronger counterweights were still more compelling: default placement on Android and Apple devices was sticky, regulatory remedies were unlikely to hit fast enough in 2025, and AI challengers like ChatGPT Search and Perplexity were growing from small bases, with some of that usage not even showing up cleanly in conventional search-share datasets. Overall, sub-85 in 2025 looked like a real but clearly sub-50 outcome.","[{""threshold"": 50.0, ""direction"": ""lower"", ""reasoning"": ""As of February 1, 2025, the strongest available signal is that Google\u2019s global search share had weakened but was still around the high-80s to about 90%, having dipped below 90% in late 2024 for the first time in years; getting all the way below 85% in 2025 would require a much larger and faster deterioration than the recent trend alone implies. Mobile search, where Google remained extremely strong at roughly 94% in January 2025, acts as a stabilizer for overall share, and default-placement advantages on Android and Apple devices are sticky. AI alternatives like ChatGPT Search and Perplexity were growing, but from small bases, and some of that usage might not immediately register in conventional search-engine market-share datasets anyway. So the path to a sub-85% overall share in 2025 is plausible, but still less likely than not."", ""raw_output"": ""Direction: Lower\nReasoning: As of February 1, 2025, the strongest available signal is that Google\u2019s global search share had weakened but was still around the high-80s to about 90%, having dipped below 90% in late 2024 for the first time in years; getting all the way below 85% in 2025 would require a much larger and faster deterioration than the recent trend alone implies. Mobile search, where Google remained extremely strong at roughly 94% in January 2025, acts as a stabilizer for overall share, and default-placement advantages on Android and Apple devices are sticky. AI alternatives like ChatGPT Search and Perplexity were growing, but from small bases, and some of that usage might not immediately register in conventional search-engine market-share datasets anyway. So the path to a sub-85% overall share in 2025 is plausible, but still less likely than not."", ""prompt"": ""You are making a calibrated probabilistic forecast.\n\nPretend today's date is February 01, 2025. Use only information available on or before this date.\n\nQuestion: Will Google's search market share drop below 85% in 2025?\n\nCurrent probability interval from previous checks: 0% to 100%.\n\nPrevious threshold checks:\n- None yet.\n\nDecide whether the probability that the question resolves YES is higher or lower than 50%.\n\nReturn exactly:\nDirection: <Higher or Lower>\nReasoning: <one paragraph>\n\nDo not return a final probability yet. Do not include any other text."", ""lower_bound_before"": 0.0, ""upper_bound_before"": 100.0, ""lower_bound_after"": 0.0, ""upper_bound_after"": 50.0}]",0.0,50.0,1,ok,,0.06760000000000001,0.0361
18,31253,Will the US unemployment rate in November 2025 be below the rate in November 2024?,2/1/25,40%,No,1/1/26,ACX 2025,"February 01, 2025",0,0.4,exp_01_50,1,50 only,50,0.41,41.0,"As of February 1, 2025, YES looked somewhat less likely than not because the labor market had already cooled from 3.7 in late 2023 to 4.2 in November 2024, and although December 2024 improved slightly to 4.1, contemporaneous late-2025 forecasts from the Fed and professional forecasters clustered around roughly 4.3, with CBO also expecting only modest improvement after an early-2025 rise. Since the question effectively requires a November 2025 reading of 4.1 or lower, that is a bit better than the central forecast rather than merely matching it. Rate cuts already underway and still-solid growth leave a real soft-landing path, but scenarios where unemployment stays flat or drifts higher still look a little more plausible than a meaningful further decline.","Probability: 41
Reasoning: As of February 1, 2025, YES looked somewhat less likely than not because the labor market had already cooled from 3.7 in late 2023 to 4.2 in November 2024, and although December 2024 improved slightly to 4.1, contemporaneous late-2025 forecasts from the Fed and professional forecasters clustered around roughly 4.3, with CBO also expecting only modest improvement after an early-2025 rise. Since the question effectively requires a November 2025 reading of 4.1 or lower, that is a bit better than the central forecast rather than merely matching it. Rate cuts already underway and still-solid growth leave a real soft-landing path, but scenarios where unemployment stays flat or drifts higher still look a little more plausible than a meaningful further decline.","[{""threshold"": 50.0, ""direction"": ""lower"", ""reasoning"": ""As of February 1, 2025, the base case is that November 2025 unemployment is slightly more likely to be at or above November 2024\u2019s 4.2% than below it: the labor market had already cooled from 3.7% in late 2023 to 4.2% in November 2024 and 4.1% in December 2024, while contemporaneous official forecasts such as the Fed\u2019s December 2024 median projection put 2025 Q4 unemployment around 4.3% and CBO expected only a modest late-2025 improvement after a rise into early 2025. Rate cuts and resilient growth leave a real soft-landing path, but this question needs the reported November 2025 rate to come in at 4.1% or lower, which is somewhat better than the central forecast rather than at it, so YES is less likely than not."", ""raw_output"": ""Direction: Lower\nReasoning: As of February 1, 2025, the base case is that November 2025 unemployment is slightly more likely to be at or above November 2024\u2019s 4.2% than below it: the labor market had already cooled from 3.7% in late 2023 to 4.2% in November 2024 and 4.1% in December 2024, while contemporaneous official forecasts such as the Fed\u2019s December 2024 median projection put 2025 Q4 unemployment around 4.3% and CBO expected only a modest late-2025 improvement after a rise into early 2025. Rate cuts and resilient growth leave a real soft-landing path, but this question needs the reported November 2025 rate to come in at 4.1% or lower, which is somewhat better than the central forecast rather than at it, so YES is less likely than not."", ""prompt"": ""You are making a calibrated probabilistic forecast.\n\nPretend today's date is February 01, 2025. Use only information available on or before this date.\n\nQuestion: Will the US unemployment rate in November 2025 be below the rate in November 2024?\n\nCurrent probability interval from previous checks: 0% to 100%.\n\nPrevious threshold checks:\n- None yet.\n\nDecide whether the probability that the question resolves YES is higher or lower than 50%.\n\nReturn exactly:\nDirection: <Higher or Lower>\nReasoning: <one paragraph>\n\nDo not return a final probability yet. Do not include any other text."", ""lower_bound_before"": 0.0, ""upper_bound_before"": 100.0, ""lower_bound_after"": 0.0, ""upper_bound_after"": 50.0}]",0.0,50.0,1,ok,,0.16809999999999997,0.16000000000000003
19,40215,Will the upper bound of the federal funds rate be 4.00% or lower at the October 2025 FOMC meeting?,10/6/25,90%,Yes,11/28/25,RAND x Metaculus 2026,"October 06, 2025",1,0.9,exp_01_50,1,50 only,50,0.92,92.0,"The probability is high because as of October 6, 2025 the Fed only needed one more 25 bp cut from the current 4.00%-4.25% range for this to resolve YES, and the weight of contemporaneous evidence pointed that way: the September FOMC statement explicitly emphasized rising downside labor-market risks, the September SEP median year-end funds rate of 3.6 implied further easing after the September cut, futures pricing had moved to an overwhelming expectation of an October cut by early October, and major bank forecasts were largely aligned on another move. I do not go all the way to the upper 90s because there were real reasons for a pause: inflation was still above target, several officials were publicly warning against over-easing, services inflation looked sticky, and the government shutdown had disrupted the official data flow the Fed normally relies on. Even so, the balance of evidence by October 6 favored another quarter-point cut strongly enough that a low-90s estimate is the most calibrated view.","Probability: 92
Reasoning: The probability is high because as of October 6, 2025 the Fed only needed one more 25 bp cut from the current 4.00%-4.25% range for this to resolve YES, and the weight of contemporaneous evidence pointed that way: the September FOMC statement explicitly emphasized rising downside labor-market risks, the September SEP median year-end funds rate of 3.6 implied further easing after the September cut, futures pricing had moved to an overwhelming expectation of an October cut by early October, and major bank forecasts were largely aligned on another move. I do not go all the way to the upper 90s because there were real reasons for a pause: inflation was still above target, several officials were publicly warning against over-easing, services inflation looked sticky, and the government shutdown had disrupted the official data flow the Fed normally relies on. Even so, the balance of evidence by October 6 favored another quarter-point cut strongly enough that a low-90s estimate is the most calibrated view.","[{""threshold"": 50.0, ""direction"": ""higher"", ""reasoning"": ""As of October 6, 2025, the upper bound is already 4.25% after the September 17 FOMC cut to 4.00%-4.25%, so this question only requires one additional 25 bp cut at the October 28-29 meeting to resolve YES. That looked more likely than not by a wide margin: the September SEP\u2019s median year-end fed funds path was 3.6% (consistent with further easing after September), the Fed\u2019s statement emphasized labor-market weakness, and contemporaneous market pricing and major-bank forecasts in late September and early October were heavily tilted toward another October cut, with FedWatch-implied odds reportedly near the high 90s by October 3. Inflation and tariff uncertainty were still real constraints, but given the starting point, the Fed\u2019s own projected path, and market-implied expectations, the probability of an October upper bound of 4.00% or lower was clearly above 50%."", ""raw_output"": ""Direction: Higher\nReasoning: As of October 6, 2025, the upper bound is already 4.25% after the September 17 FOMC cut to 4.00%-4.25%, so this question only requires one additional 25 bp cut at the October 28-29 meeting to resolve YES. That looked more likely than not by a wide margin: the September SEP\u2019s median year-end fed funds path was 3.6% (consistent with further easing after September), the Fed\u2019s statement emphasized labor-market weakness, and contemporaneous market pricing and major-bank forecasts in late September and early October were heavily tilted toward another October cut, with FedWatch-implied odds reportedly near the high 90s by October 3. Inflation and tariff uncertainty were still real constraints, but given the starting point, the Fed\u2019s own projected path, and market-implied expectations, the probability of an October upper bound of 4.00% or lower was clearly above 50%."", ""prompt"": ""You are making a calibrated probabilistic forecast.\n\nPretend today's date is October 06, 2025. Use only information available on or before this date.\n\nQuestion: Will the upper bound of the federal funds rate be 4.00% or lower at the October 2025 FOMC meeting?\n\nCurrent probability interval from previous checks: 0% to 100%.\n\nPrevious threshold checks:\n- None yet.\n\nDecide whether the probability that the question resolves YES is higher or lower than 50%.\n\nReturn exactly:\nDirection: <Higher or Lower>\nReasoning: <one paragraph>\n\nDo not return a final probability yet. Do not include any other text."", ""lower_bound_before"": 0.0, ""upper_bound_before"": 100.0, ""lower_bound_after"": 50.0, ""upper_bound_after"": 100.0}]",50.0,100.0,1,ok,,0.006399999999999993,0.009999999999999995
20,22726,"On May 18th, will Kyle, Texas set the world record for largest gathering of individuals with the same first name?",5/3/24,10%,No,5/18/24,Bridgewater 2024,"May 03, 2024",0,0.1,exp_01_50,1,50 only,50,0.28,28.0,"As of May 3, 2024, YES looks plausible but distinctly less likely than NO because Kyle, Texas must clear 2,325 eligible Kyles versus its own best turnout of 1,490 in 2023, so it needs about 836 more verified participants, a roughly 56% jump in a single year. The event is free, heavily promoted, and has real viral appeal, so a late surge is possible, but attendance still requires travel coordination, exact first-name matching, and ID/documentation that will exclude some would-be attendees. Since last year already drew broad attention and still fell well short of the Guinness mark, and there is no obvious pre-May-3 public evidence of registrations or momentum on the scale needed to make that leap more likely than not, the chance of success looks a bit under one in three.","Probability: 28
Reasoning: As of May 3, 2024, YES looks plausible but distinctly less likely than NO because Kyle, Texas must clear 2,325 eligible Kyles versus its own best turnout of 1,490 in 2023, so it needs about 836 more verified participants, a roughly 56% jump in a single year. The event is free, heavily promoted, and has real viral appeal, so a late surge is possible, but attendance still requires travel coordination, exact first-name matching, and ID/documentation that will exclude some would-be attendees. Since last year already drew broad attention and still fell well short of the Guinness mark, and there is no obvious pre-May-3 public evidence of registrations or momentum on the scale needed to make that leap more likely than not, the chance of success looks a bit under one in three.","[{""threshold"": 50.0, ""direction"": ""lower"", ""reasoning"": ""As of May 3, 2024, this looks less likely than not because Kyle, Texas needs to beat the standing Guinness mark of 2,325 people named Ivan from 2017 (https://www.guinnessworldrecords.com/world-records/largest-same-name-gathering-first-name), while the city\u2019s own pre-event materials say its best-ever turnout was 1,490 Kyles in 2023, meaning it still needs roughly 56% more participants than its previous peak in just one year (https://www.cityofkyle.com/communications/page/2024-gathering-kyles; https://www.cityofkyle.com/communications/page/kyles-world-unite-and-make-history-gathering-kyles-kyle-fair-tex-travaganza). The event is free and well-promoted, so a successful viral jump is possible, but exact-spelling and ID requirements add friction, last year already drew Kyles from across the country, and there is no publicly visible pre-May-3 evidence of registrations on the scale that would make a jump from 1,490 to 2,326 more likely than not."", ""raw_output"": ""Direction: Lower\nReasoning: As of May 3, 2024, this looks less likely than not because Kyle, Texas needs to beat the standing Guinness mark of 2,325 people named Ivan from 2017 (https://www.guinnessworldrecords.com/world-records/largest-same-name-gathering-first-name), while the city\u2019s own pre-event materials say its best-ever turnout was 1,490 Kyles in 2023, meaning it still needs roughly 56% more participants than its previous peak in just one year (https://www.cityofkyle.com/communications/page/2024-gathering-kyles; https://www.cityofkyle.com/communications/page/kyles-world-unite-and-make-history-gathering-kyles-kyle-fair-tex-travaganza). The event is free and well-promoted, so a successful viral jump is possible, but exact-spelling and ID requirements add friction, last year already drew Kyles from across the country, and there is no publicly visible pre-May-3 evidence of registrations on the scale that would make a jump from 1,490 to 2,326 more likely than not."", ""prompt"": ""You are making a calibrated probabilistic forecast.\n\nPretend today's date is May 03, 2024. Use only information available on or before this date.\n\nQuestion: On May 18th, will Kyle, Texas set the world record for largest gathering of individuals with the same first name?\n\nCurrent probability interval from previous checks: 0% to 100%.\n\nPrevious threshold checks:\n- None yet.\n\nDecide whether the probability that the question resolves YES is higher or lower than 50%.\n\nReturn exactly:\nDirection: <Higher or Lower>\nReasoning: <one paragraph>\n\nDo not return a final probability yet. Do not include any other text."", ""lower_bound_before"": 0.0, ""upper_bound_before"": 100.0, ""lower_bound_after"": 0.0, ""upper_bound_after"": 50.0}]",0.0,50.0,1,ok,,0.07840000000000001,0.010000000000000002
